﻿<?xml version="1.0" encoding="utf-8" ?>
<Defs>

  <ThingDef ParentName="MakeableDrugBase">
    <defName>LargeHealingPotion</defName>
    <label>Large Healing Potion</label>
    <description>A potion known to have healing capabilities.</description>

    <descriptionHyperlinks>
      <HediffDef>LargeHealingPotionEffect</HediffDef>
    </descriptionHyperlinks>

    <graphicData>
      <texPath>LargeHealingPotionText</texPath>
      <graphicClass>Graphic_StackCount</graphicClass>
	    <drawSize>1</drawSize>
    </graphicData>

    <rotatable>false</rotatable>

    <statBases>
      <WorkToMake>500</WorkToMake>
      <MarketValue>275</MarketValue>
      <SellPriceFactor>0.25</SellPriceFactor>
      <Mass>0.01</Mass>
    </statBases>

    <techLevel>Medieval</techLevel>
    
    <ingestible>
      <drugCategory>Medical</drugCategory>
      <foodType>Processed, Fluid</foodType>
      <outcomeDoers>
        <li Class="IngestionOutcomeDoer_GiveHediff">
          <hediffDef>LargeHealingPotionEffect</hediffDef>
          <severity>1.0</severity>
        </li>
      </outcomeDoers>
    </ingestible>
	 
    <recipeMaker>
      <workSpeedStat>DrugSynthesisSpeed</workSpeedStat>
      <workSkill>Intellectual</workSkill>
      <researchPrerequisite>DrugProduction</researchPrerequisite>
      <recipeUsers>
        <li>DrugLab</li>
        <li>FueledStove</li>
        <li>ElectricStove</li>
      </recipeUsers>
      <soundWorking>Recipe_Drug</soundWorking>
      <skillRequirements>
        <Intellectual>9</Intellectual>
      </skillRequirements>
    </recipeMaker>

    <costList>
      <MedicineHerbal>12</MedicineHerbal>
	    <RawBerries>20</RawBerries>
      <Gold>1</Gold>
      <Jade>8</Jade>
      <Ambrosia>5</Ambrosia>
    </costList>

	  <comps>
      <li Class="CompProperties_Drug">
        <listOrder>120</listOrder>
      </li>
    </comps>
    
  </ThingDef>
  
   <!-- Drug Effect -->

  <HediffDef>
    <defName>LargeHealingPotionEffect</defName>
    <hediffClass>Hediff_High</hediffClass>
    <label>Large Healing Potion Effect</label>
    <labelNoun>Large Healing Potion Effect</labelNoun>
    <description>Medieval alchemists seem to have perfected the art of natural healing boosts, as adding jade into the already existing potions have made a super potent potion that basically heals you at an immense rate.</description>
    <defaultLabelColor>(1,0,0.5)</defaultLabelColor>
    <scenarioCanAdd>true</scenarioCanAdd>
    <maxSeverity>1.0</maxSeverity>
    <isBad>false</isBad>
    <comps>
      <li Class="HediffCompProperties_SeverityPerDay">
        <severityPerDay>-4</severityPerDay>
        <showHoursToRecover>true</showHoursToRecover>
      </li>
    </comps>
      <stages>

		    <li>
          <totalBleedFactor>1.75</totalBleedFactor>
	        <naturalHealingFactor>45</naturalHealingFactor>
          <painFactor>0.70</painFactor>
            <capMods>
			        <li>
                <capacity>BloodFiltration</capacity>
                <offset>-0.30</offset>
              </li>
              <li>
                <capacity>BloodPumping</capacity>
                <offset>0.30</offset>
              </li>
              <li>
                <capacity>Metabolism</capacity>
                <offset>0.20</offset>
              </li>
              <li>
                <capacity>Breathing</capacity>
                <offset>0.20</offset>
              </li>
            </capMods>
        </li>

      </stages>
  </HediffDef>

  <ThoughtDef>
    <defName>LargeHealingPotionMoodEffect</defName>
    <workerClass>ThoughtWorker_Hediff</workerClass>
    <hediff>LargeHealingPotionEffect</hediff>
    <validWhileDespawned>true</validWhileDespawned>
    <stages>
      <li>
        <label>Serious stomach ache</label>
        <description>I literally want to rip my stomach out. It feels like my stomach is getting punctured...</description>
        <baseMoodEffect>-18</baseMoodEffect>
      </li>
    </stages>
  </ThoughtDef>

</Defs>