﻿<?xml version="1.0" encoding="utf-8" ?>
<Defs>

  <ThingDef ParentName="MakeableDrugBase">
    <defName>MediumHealingPotion</defName>
    <label>Medium Healing Potion</label>
    <description>A potion known to have healing capabilities.</description>

    <descriptionHyperlinks>
      <HediffDef>MediumHealingPotionEffect</HediffDef>
    </descriptionHyperlinks>

    <graphicData>
      <texPath>MediumHealingPotionText</texPath>
      <graphicClass>Graphic_StackCount</graphicClass>
	    <drawSize>1</drawSize>
    </graphicData>

    <rotatable>false</rotatable>

    <statBases>
      <WorkToMake>375</WorkToMake>
      <MarketValue>175</MarketValue>
      <SellPriceFactor>0.30</SellPriceFactor>
      <Mass>0.01</Mass>
    </statBases>

    <techLevel>Neolithic</techLevel>
    
    <ingestible>
      <drugCategory>Medical</drugCategory>
      <foodType>Processed, Fluid</foodType>
      <outcomeDoers>
        <li Class="IngestionOutcomeDoer_GiveHediff">
          <hediffDef>MediumHealingPotionEffect</hediffDef>
          <severity>1.0</severity>
        </li>
      </outcomeDoers>
    </ingestible>
	 
    <recipeMaker>
      <workSpeedStat>DrugSynthesisSpeed</workSpeedStat>
      <workSkill>Intellectual</workSkill>
      <researchPrerequisite>DrugProduction</researchPrerequisite>
      <recipeUsers>
        <li>DrugLab</li>
        <li>FueledStove</li>
        <li>ElectricStove</li>
      </recipeUsers>
      <soundWorking>Recipe_Drug</soundWorking>
      <skillRequirements>
        <Intellectual>6</Intellectual>
      </skillRequirements>
    </recipeMaker>

    <costList>
      <MedicineHerbal>8</MedicineHerbal>
	    <RawBerries>18</RawBerries>
      <Gold>1</Gold>
    </costList>

	  <comps>
      <li Class="CompProperties_Drug">
        <listOrder>120</listOrder>
      </li>
    </comps>
    
  </ThingDef>
  
   <!-- Drug Effect -->

  <HediffDef>
    <defName>MediumHealingPotionEffect</defName>
    <hediffClass>Hediff_High</hediffClass>
    <label>Medium Healing Potion Effect</label>
    <labelNoun>Medium Healing Potion Effect</labelNoun>
    <description>The tribal alchemists discovered that adding gold to the average healing potion made it more potent.</description>
    <defaultLabelColor>(1,0,0.5)</defaultLabelColor>
    <scenarioCanAdd>true</scenarioCanAdd>
    <maxSeverity>1.0</maxSeverity>
    <isBad>false</isBad>
    <comps>
      <li Class="HediffCompProperties_SeverityPerDay">
        <severityPerDay>-4</severityPerDay>
        <showHoursToRecover>true</showHoursToRecover>
      </li>
    </comps>
      <stages>

		    <li>
          <totalBleedFactor>1.50</totalBleedFactor>
	        <naturalHealingFactor>25</naturalHealingFactor>
          <painFactor>0.80</painFactor>
            <capMods>
			        <li>
                <capacity>BloodFiltration</capacity>
                <offset>-0.20</offset>
              </li>
              <li>
                <capacity>BloodPumping</capacity>
                <offset>0.20</offset>
              </li>
              <li>
                <capacity>Metabolism</capacity>
                <offset>0.15</offset>
              </li>
              <li>
                <capacity>Breathing</capacity>
                <offset>0.15</offset>
              </li>
            </capMods>
        </li>

      </stages>
  </HediffDef>

  <ThoughtDef>
    <defName>MediumHealingPotionMoodEffect</defName>
    <workerClass>ThoughtWorker_Hediff</workerClass>
    <hediff>MediumHealingPotionEffect</hediff>
    <validWhileDespawned>true</validWhileDespawned>
    <stages>
      <li>
        <label>Stomach ache</label>
        <description>Who knew that gold was actually kind of heavy on the stomach...</description>
        <baseMoodEffect>-12</baseMoodEffect>
      </li>
    </stages>
  </ThoughtDef>

</Defs>