﻿<?xml version="1.0" encoding="utf-8" ?>
<Defs>

  <ThingDef ParentName="MakeableDrugBase">
    <defName>SmallHealingPotion</defName>
    <label>Small Healing Potion</label>
    <description>A potion known to have healing capabilities.</description>

    <descriptionHyperlinks>
      <HediffDef>SmallHealingPotionEffect</HediffDef>
    </descriptionHyperlinks>

    <graphicData>
      <texPath>SmallHealingPotionText</texPath>
      <graphicClass>Graphic_StackCount</graphicClass>
	    <drawSize>1</drawSize>
    </graphicData>

    <rotatable>false</rotatable>

    <statBases>
      <WorkToMake>175</WorkToMake>
      <MarketValue>15</MarketValue>
      <SellPriceFactor>0.30</SellPriceFactor>
      <Mass>0.01</Mass>
    </statBases>

    <techLevel>Neolithic</techLevel>
    
    <ingestible>
      <drugCategory>Medical</drugCategory>
      <foodType>Processed, Fluid</foodType>
      <outcomeDoers>
        <li Class="IngestionOutcomeDoer_GiveHediff">
          <hediffDef>SmallHealingPotionEffect</hediffDef>
          <severity>1.0</severity>
        </li>
      </outcomeDoers>
    </ingestible>
	 
    <recipeMaker>
      <workSpeedStat>DrugSynthesisSpeed</workSpeedStat>
      <workSkill>Intellectual</workSkill>
      <recipeUsers>
        <li>CraftingSpot</li>
        <li>DrugLab</li>
        <li>FueledStove</li>
        <li>ElectricStove</li>
      </recipeUsers>
      <soundWorking>Recipe_Drug</soundWorking>
      <skillRequirements>
        <Intellectual>3</Intellectual>
      </skillRequirements>
    </recipeMaker>

    <costList>
      <MedicineHerbal>5</MedicineHerbal>
	    <RawBerries>15</RawBerries>
    </costList>

	  <comps>
      <li Class="CompProperties_Drug">
        <listOrder>120</listOrder>
      </li>
    </comps>
    
  </ThingDef>
  
   <!-- Drug Effect -->

  <HediffDef>
    <defName>SmallHealingPotionEffect</defName>
    <hediffClass>Hediff_High</hediffClass>
    <label>Small Healing Potion Effect</label>
    <labelNoun>Small Healing Potion Effect</labelNoun>
    <description>The tribes people found this elixir of some sort to enhance natural healing capabilities of those who drank it. ALthough it seems like it negatively effects kidneys due to increased blood pressure.</description>
    <defaultLabelColor>(1,0,0.5)</defaultLabelColor>
    <scenarioCanAdd>true</scenarioCanAdd>
    <maxSeverity>1.0</maxSeverity>
    <isBad>false</isBad>
    <comps>
      <li Class="HediffCompProperties_SeverityPerDay">
        <severityPerDay>-4</severityPerDay>
        <showHoursToRecover>true</showHoursToRecover>
      </li>
    </comps>
      <stages>

		    <li>
          <totalBleedFactor>1.25</totalBleedFactor>
	        <naturalHealingFactor>12</naturalHealingFactor>
          <painFactor>0.90</painFactor>
            <capMods>
			        <li>
                <capacity>BloodFiltration</capacity>
                <offset>-0.12</offset>
              </li>
              <li>
                <capacity>BloodPumping</capacity>
                <offset>0.12</offset>
              </li>
              <li>
                <capacity>Metabolism</capacity>
                <offset>0.10</offset>
              </li>
              <li>
                <capacity>Breathing</capacity>
                <offset>0.10</offset>
              </li>
            </capMods>
        </li>

      </stages>
  </HediffDef>

  <ThoughtDef>
    <defName>SmallHealingPotionMoodEffect</defName>
    <workerClass>ThoughtWorker_Hediff</workerClass>
    <hediff>SmallHealingPotionEffect</hediff>
    <validWhileDespawned>true</validWhileDespawned>
    <stages>
      <li>
        <label>Slight stomach ache</label>
        <description>The potion I drank is making me feel weird, I feel like throwing up almost...</description>
        <baseMoodEffect>-8</baseMoodEffect>
      </li>
    </stages>
  </ThoughtDef>

</Defs>