<?xml version="1.0" encoding="utf-8" ?>
<Patch>

  <Operation Class="PatchOperationAdd">
    <xpath>Defs/TraderKindDef/stockGenerators</xpath>
    <value>

      <!-- Drugs -->
      <li Class="StockGenerator_SingleDef">
        <thingDef>SmallHealingPotion</thingDef>
        <countRange>4~8</countRange>
      </li>

      <li Class="StockGenerator_SingleDef">
        <thingDef>MediumHealingPotion</thingDef>
        <countRange>2~6</countRange>
      </li>

      <li Class="StockGenerator_SingleDef">
        <thingDef>LargeHealingPotion</thingDef>
        <countRange>1~3</countRange>
      </li>

    </value>
  </Operation>

</Patch>
